{
    "components": {
        "Animation": {
            "frame_count": {
                "x": 6,
                "y": 2
            },
            "frame_time": 0.125,
            "row": 1,
            "texture": "chestie.png"
        },
        "PixelParticles": {
            "angle_dist": {
                "lower": 3.926987648010254,
                "type": "normal",
                "upper": 0.31415900588035583
            },
            "colors": {
                "dominant": {
                    "a": 255,
                    "b": 0,
                    "g": 255,
                    "r": 255
                },
                "subdominant": {
                    "a": 255,
                    "b": 0,
                    "g": 0,
                    "r": 255
                }
            },
            "emitter": {
                "x": 1073.49560546875,
                "y": 568.5
            },
            "gravity": {
                "x": 0.0,
                "y": 400.0
            },
            "life_time": 7.0,
            "particle_number": 100,
            "particles_per_second": 50.0,
            "platform": {
                "height": 10.0,
                "left": 0.0,
                "top": 590.0,
                "width": 1920.0
            },
            "size": {
                "x": 6.0,
                "y": 3.0
            },
            "spawn": false,
            "speed": 400.0
        },
        "ark::Transform": {
            "origin": {
                "x": 500.0,
                "y": 500.0
            },
            "position": {
                "x": 1089.99560546875,
                "y": 540.0
            },
            "roatation": 0.0,
            "scale": {
                "x": 0.10000000149011612,
                "y": 0.10000000149011612
            }
        }
    },
    "scripts": {
        "MovePlayer": {
            "scale": {
                "x": 0.10000000149011612,
                "y": 0.10000000149011612
            },
            "speed": 400.0
        }
    }
}