{
    "components": {
        "Animation": {
            "frame_count": {
                "x": 6,
                "y": 2
            },
            "frame_time": 0.125,
            "row": 1,
            "texture": "chestie.png"
        },
        "PixelParticles": {
            "angle_dist": {
                "lower": 3.926987648010254,
                "type": "normal",
                "upper": 0.31415900588035583
            },
            "colors": {
                "dominant": {
                    "a": 255,
                    "b": 0,
                    "g": 255,
                    "r": 255
                },
                "subdominant": {
                    "a": 255,
                    "b": 0,
                    "g": 0,
                    "r": 255
                }
            },
            "emitter": {
                "x": 1731.421142578125,
                "y": 561.8280029296875
            },
            "gravity": {
                "x": 0.0,
                "y": 400.0
            },
            "life_time": 7.0,
            "particle_number": 100,
            "particles_per_second": 50.0,
            "platform": {
                "height": 10.0,
                "left": 0.0,
                "top": 590.0,
                "width": 1920.0
            },
            "size": {
                "x": 9.0,
                "y": 4.5
            },
            "spawn": false,
            "speed": 400.0
        },
        "ScriptingComponent": {
            "class MovePlayer": {
                "scale": {
                    "x": 0.15000000596046448,
                    "y": 0.15000000596046448
                },
                "speed": 500.0
            },
            "class SaveEntityScript": null
        },
        "Transform": {
            "origin": {
                "x": 500.0,
                "y": 500.0
            },
            "position": {
                "x": 1756.171142578125,
                "y": 519.0780029296875
            },
            "roatation": 0.0,
            "scale": {
                "x": 0.15000000596046448,
                "y": 0.15000000596046448
            }
        }
    }
}