{
    "components": {
        "Animation": {
            "frame_count": {
                "x": 6,
                "y": 2
            },
            "frame_time": 0.125,
            "row": 1,
            "texture": "chestie.png"
        },
        "PixelParticles": {
            "angle_dist": {
                "lower": 3.926987648010254,
                "type": "normal",
                "upper": 0.31415900588035583
            },
            "colors": {
                "dominant": {
                    "a": 255,
                    "b": 0,
                    "g": 255,
                    "r": 255
                },
                "subdominant": {
                    "a": 255,
                    "b": 0,
                    "g": 0,
                    "r": 255
                }
            },
            "emitter": {
                "x": 1098.4312744140625,
                "y": 567.8251953125
            },
            "gravity": {
                "x": 0.0,
                "y": 400.0
            },
            "life_time": 7.0,
            "particle_number": 200,
            "particles_per_second": 100.0,
            "platform": {
                "height": 10.0,
                "left": 0.0,
                "top": 590.0,
                "width": 1920.0
            },
            "size": {
                "x": 12.0,
                "y": 6.0
            },
            "spawn": false,
            "speed": 400.0
        },
        "ScriptingComponent": {
            "MovePlayerScript": {
                "scale": {
                    "x": 0.20000000298023224,
                    "y": 0.20000000298023224
                },
                "speed": 600.0
            },
            "SaveEntityScript": {
                "key": "m"
            }
        },
        "Tag": {
            "name": "player"
        },
        "Transform": {
            "origin": {
                "x": 500.0,
                "y": 500.0
            },
            "position": {
                "x": 1131.4312744140625,
                "y": 510.8251953125
            },
            "roatation": 359.29473876953125,
            "scale": {
                "x": 0.20000000298023224,
                "y": 0.20000000298023224
            }
        }
    }
}